{
  "fio version" : "fio-3.28",
  "timestamp" : 1729475419,
  "timestamp_ms" : 1729475419587,
  "time" : "Sun Oct 20 21:50:19 2024",
  "jobs" : [
    {
      "jobname" : "data-access-size",
      "groupid" : 0,
      "error" : 0,
      "eta" : 0,
      "elapsed" : 31,
      "job options" : {
        "name" : "data-access-size",
        "rw" : "randread",
        "bs" : "4k",
        "iodepth" : "16",
        "size" : "2G",
        "numjobs" : "1",
        "runtime" : "30",
        "ioengine" : "libaio",
        "direct" : "1",
        "allow_mounted_write" : "1",
        "filename" : "/dev/nvme0n1p3"
      },
      "read" : {
        "io_bytes" : 29243211776,
        "io_kbytes" : 28557824,
        "bw_bytes" : 974741234,
        "bw" : 951895,
        "iops" : 237973.934202,
        "runtime" : 30001,
        "total_ios" : 7139456,
        "short_ios" : 0,
        "drop_ios" : 0,
        "slat_ns" : {
          "min" : 1000,
          "max" : 42500,
          "mean" : 1497.049623,
          "stddev" : 642.751794,
          "N" : 7139456
        },
        "clat_ns" : {
          "min" : 9034,
          "max" : 2659911,
          "mean" : 65136.650992,
          "stddev" : 44702.736719,
          "N" : 7139456,
          "percentile" : {
            "1.000000" : 14656,
            "5.000000" : 17280,
            "10.000000" : 19840,
            "20.000000" : 23424,
            "30.000000" : 27264,
            "40.000000" : 35584,
            "50.000000" : 64256,
            "60.000000" : 74240,
            "70.000000" : 84480,
            "80.000000" : 96768,
            "90.000000" : 124416,
            "95.000000" : 146432,
            "99.000000" : 199680,
            "99.500000" : 220160,
            "99.900000" : 272384,
            "99.950000" : 296960,
            "99.990000" : 382976
          }
        },
        "lat_ns" : {
          "min" : 11120,
          "max" : 2661218,
          "mean" : 66707.768824,
          "stddev" : 44706.488445,
          "N" : 7139456
        },
        "bw_min" : 878552,
        "bw_max" : 984520,
        "bw_agg" : 100.000000,
        "bw_mean" : 952245.016949,
        "bw_dev" : 11651.076602,
        "bw_samples" : 59,
        "iops_min" : 219638,
        "iops_max" : 246130,
        "iops_mean" : 238061.288136,
        "iops_stddev" : 2912.796139,
        "iops_samples" : 59
      },
      "write" : {
        "io_bytes" : 0,
        "io_kbytes" : 0,
        "bw_bytes" : 0,
        "bw" : 0,
        "iops" : 0.000000,
        "runtime" : 0,
        "total_ios" : 0,
        "short_ios" : 0,
        "drop_ios" : 0,
        "slat_ns" : {
          "min" : 0,
          "max" : 0,
          "mean" : 0.000000,
          "stddev" : 0.000000,
          "N" : 0
        },
        "clat_ns" : {
          "min" : 0,
          "max" : 0,
          "mean" : 0.000000,
          "stddev" : 0.000000,
          "N" : 0
        },
        "lat_ns" : {
          "min" : 0,
          "max" : 0,
          "mean" : 0.000000,
          "stddev" : 0.000000,
          "N" : 0
        },
        "bw_min" : 0,
        "bw_max" : 0,
        "bw_agg" : 0.000000,
        "bw_mean" : 0.000000,
        "bw_dev" : 0.000000,
        "bw_samples" : 0,
        "iops_min" : 0,
        "iops_max" : 0,
        "iops_mean" : 0.000000,
        "iops_stddev" : 0.000000,
        "iops_samples" : 0
      },
      "trim" : {
        "io_bytes" : 0,
        "io_kbytes" : 0,
        "bw_bytes" : 0,
        "bw" : 0,
        "iops" : 0.000000,
        "runtime" : 0,
        "total_ios" : 0,
        "short_ios" : 0,
        "drop_ios" : 0,
        "slat_ns" : {
          "min" : 0,
          "max" : 0,
          "mean" : 0.000000,
          "stddev" : 0.000000,
          "N" : 0
        },
        "clat_ns" : {
          "min" : 0,
          "max" : 0,
          "mean" : 0.000000,
          "stddev" : 0.000000,
          "N" : 0
        },
        "lat_ns" : {
          "min" : 0,
          "max" : 0,
          "mean" : 0.000000,
          "stddev" : 0.000000,
          "N" : 0
        },
        "bw_min" : 0,
        "bw_max" : 0,
        "bw_agg" : 0.000000,
        "bw_mean" : 0.000000,
        "bw_dev" : 0.000000,
        "bw_samples" : 0,
        "iops_min" : 0,
        "iops_max" : 0,
        "iops_mean" : 0.000000,
        "iops_stddev" : 0.000000,
        "iops_samples" : 0
      },
      "sync" : {
        "total_ios" : 0,
        "lat_ns" : {
          "min" : 0,
          "max" : 0,
          "mean" : 0.000000,
          "stddev" : 0.000000,
          "N" : 0
        }
      },
      "job_runtime" : 30000,
      "usr_cpu" : 27.053333,
      "sys_cpu" : 46.650000,
      "ctx" : 1704777,
      "majf" : 0,
      "minf" : 26,
      "iodepth_level" : {
        "1" : 0.100000,
        "2" : 0.100000,
        "4" : 0.100000,
        "8" : 0.100000,
        "16" : 99.999790,
        "32" : 0.000000,
        ">=64" : 0.000000
      },
      "iodepth_submit" : {
        "0" : 0.000000,
        "4" : 100.000000,
        "8" : 0.000000,
        "16" : 0.000000,
        "32" : 0.000000,
        "64" : 0.000000,
        ">=64" : 0.000000
      },
      "iodepth_complete" : {
        "0" : 0.000000,
        "4" : 99.999986,
        "8" : 0.000000,
        "16" : 0.100000,
        "32" : 0.000000,
        "64" : 0.000000,
        ">=64" : 0.000000
      },
      "latency_ns" : {
        "2" : 0.000000,
        "4" : 0.000000,
        "10" : 0.000000,
        "20" : 0.000000,
        "50" : 0.000000,
        "100" : 0.000000,
        "250" : 0.000000,
        "500" : 0.000000,
        "750" : 0.000000,
        "1000" : 0.000000
      },
      "latency_us" : {
        "2" : 0.000000,
        "4" : 0.000000,
        "10" : 0.010000,
        "20" : 10.524948,
        "50" : 33.385485,
        "100" : 37.791045,
        "250" : 18.094404,
        "500" : 0.200393,
        "750" : 0.010000,
        "1000" : 0.010000
      },
      "latency_ms" : {
        "2" : 0.010000,
        "4" : 0.010000,
        "10" : 0.000000,
        "20" : 0.000000,
        "50" : 0.000000,
        "100" : 0.000000,
        "250" : 0.000000,
        "500" : 0.000000,
        "750" : 0.000000,
        "1000" : 0.000000,
        "2000" : 0.000000,
        ">=2000" : 0.000000
      },
      "latency_depth" : 16,
      "latency_target" : 0,
      "latency_percentile" : 100.000000,
      "latency_window" : 0
    }
  ],
  "disk_util" : [
    {
      "name" : "nvme0n1",
      "read_ios" : 7115093,
      "write_ios" : 20,
      "read_merges" : 0,
      "write_merges" : 21,
      "read_ticks" : 433238,
      "write_ticks" : 30,
      "in_queue" : 433283,
      "util" : 99.723213
    }
  ]
}
