{
  "fio version" : "fio-3.28",
  "timestamp" : 1729475449,
  "timestamp_ms" : 1729475449894,
  "time" : "Sun Oct 20 21:50:49 2024",
  "jobs" : [
    {
      "jobname" : "data-access-size",
      "groupid" : 0,
      "error" : 0,
      "eta" : 0,
      "elapsed" : 31,
      "job options" : {
        "name" : "data-access-size",
        "rw" : "randread",
        "bs" : "64k",
        "iodepth" : "16",
        "size" : "2G",
        "numjobs" : "1",
        "runtime" : "30",
        "ioengine" : "libaio",
        "direct" : "1",
        "allow_mounted_write" : "1",
        "filename" : "/dev/nvme0n1p3"
      },
      "read" : {
        "io_bytes" : 106677207040,
        "io_kbytes" : 104176960,
        "bw_bytes" : 3555788375,
        "bw" : 3472449,
        "iops" : 54257.024766,
        "runtime" : 30001,
        "total_ios" : 1627765,
        "short_ios" : 0,
        "drop_ios" : 0,
        "slat_ns" : {
          "min" : 2425,
          "max" : 53370,
          "mean" : 3368.958556,
          "stddev" : 848.058720,
          "N" : 1627765
        },
        "clat_ns" : {
          "min" : 47609,
          "max" : 3449272,
          "mean" : 290477.911168,
          "stddev" : 71682.101889,
          "N" : 1627765,
          "percentile" : {
            "1.000000" : 173056,
            "5.000000" : 195584,
            "10.000000" : 207872,
            "20.000000" : 224256,
            "30.000000" : 238592,
            "40.000000" : 264192,
            "50.000000" : 288768,
            "60.000000" : 309248,
            "70.000000" : 325632,
            "80.000000" : 350208,
            "90.000000" : 378880,
            "95.000000" : 407552,
            "99.000000" : 468992,
            "99.500000" : 493568,
            "99.900000" : 552960,
            "99.950000" : 593920,
            "99.990000" : 905216
          }
        },
        "lat_ns" : {
          "min" : 50433,
          "max" : 3451847,
          "mean" : 293926.006561,
          "stddev" : 71656.657558,
          "N" : 1627765
        },
        "bw_min" : 3271680,
        "bw_max" : 3481728,
        "bw_agg" : 100.000000,
        "bw_mean" : 3473783.322034,
        "bw_dev" : 28335.133042,
        "bw_samples" : 59,
        "iops_min" : 51120,
        "iops_max" : 54402,
        "iops_mean" : 54277.864407,
        "iops_stddev" : 442.764492,
        "iops_samples" : 59
      },
      "write" : {
        "io_bytes" : 0,
        "io_kbytes" : 0,
        "bw_bytes" : 0,
        "bw" : 0,
        "iops" : 0.000000,
        "runtime" : 0,
        "total_ios" : 0,
        "short_ios" : 0,
        "drop_ios" : 0,
        "slat_ns" : {
          "min" : 0,
          "max" : 0,
          "mean" : 0.000000,
          "stddev" : 0.000000,
          "N" : 0
        },
        "clat_ns" : {
          "min" : 0,
          "max" : 0,
          "mean" : 0.000000,
          "stddev" : 0.000000,
          "N" : 0
        },
        "lat_ns" : {
          "min" : 0,
          "max" : 0,
          "mean" : 0.000000,
          "stddev" : 0.000000,
          "N" : 0
        },
        "bw_min" : 0,
        "bw_max" : 0,
        "bw_agg" : 0.000000,
        "bw_mean" : 0.000000,
        "bw_dev" : 0.000000,
        "bw_samples" : 0,
        "iops_min" : 0,
        "iops_max" : 0,
        "iops_mean" : 0.000000,
        "iops_stddev" : 0.000000,
        "iops_samples" : 0
      },
      "trim" : {
        "io_bytes" : 0,
        "io_kbytes" : 0,
        "bw_bytes" : 0,
        "bw" : 0,
        "iops" : 0.000000,
        "runtime" : 0,
        "total_ios" : 0,
        "short_ios" : 0,
        "drop_ios" : 0,
        "slat_ns" : {
          "min" : 0,
          "max" : 0,
          "mean" : 0.000000,
          "stddev" : 0.000000,
          "N" : 0
        },
        "clat_ns" : {
          "min" : 0,
          "max" : 0,
          "mean" : 0.000000,
          "stddev" : 0.000000,
          "N" : 0
        },
        "lat_ns" : {
          "min" : 0,
          "max" : 0,
          "mean" : 0.000000,
          "stddev" : 0.000000,
          "N" : 0
        },
        "bw_min" : 0,
        "bw_max" : 0,
        "bw_agg" : 0.000000,
        "bw_mean" : 0.000000,
        "bw_dev" : 0.000000,
        "bw_samples" : 0,
        "iops_min" : 0,
        "iops_max" : 0,
        "iops_mean" : 0.000000,
        "iops_stddev" : 0.000000,
        "iops_samples" : 0
      },
      "sync" : {
        "total_ios" : 0,
        "lat_ns" : {
          "min" : 0,
          "max" : 0,
          "mean" : 0.000000,
          "stddev" : 0.000000,
          "N" : 0
        }
      },
      "job_runtime" : 30000,
      "usr_cpu" : 10.200000,
      "sys_cpu" : 25.710000,
      "ctx" : 1161628,
      "majf" : 0,
      "minf" : 267,
      "iodepth_level" : {
        "1" : 0.100000,
        "2" : 0.100000,
        "4" : 0.100000,
        "8" : 0.100000,
        "16" : 99.999078,
        "32" : 0.000000,
        ">=64" : 0.000000
      },
      "iodepth_submit" : {
        "0" : 0.000000,
        "4" : 100.000000,
        "8" : 0.000000,
        "16" : 0.000000,
        "32" : 0.000000,
        "64" : 0.000000,
        ">=64" : 0.000000
      },
      "iodepth_complete" : {
        "0" : 0.000000,
        "4" : 99.999939,
        "8" : 0.000000,
        "16" : 0.100000,
        "32" : 0.000000,
        "64" : 0.000000,
        ">=64" : 0.000000
      },
      "latency_ns" : {
        "2" : 0.000000,
        "4" : 0.000000,
        "10" : 0.000000,
        "20" : 0.000000,
        "50" : 0.000000,
        "100" : 0.000000,
        "250" : 0.000000,
        "500" : 0.000000,
        "750" : 0.000000,
        "1000" : 0.000000
      },
      "latency_us" : {
        "2" : 0.000000,
        "4" : 0.000000,
        "10" : 0.000000,
        "20" : 0.000000,
        "50" : 0.010000,
        "100" : 0.010000,
        "250" : 35.262523,
        "500" : 64.330109,
        "750" : 0.393177,
        "1000" : 0.010000
      },
      "latency_ms" : {
        "2" : 0.010000,
        "4" : 0.010000,
        "10" : 0.000000,
        "20" : 0.000000,
        "50" : 0.000000,
        "100" : 0.000000,
        "250" : 0.000000,
        "500" : 0.000000,
        "750" : 0.000000,
        "1000" : 0.000000,
        "2000" : 0.000000,
        ">=2000" : 0.000000
      },
      "latency_depth" : 16,
      "latency_target" : 0,
      "latency_percentile" : 100.000000,
      "latency_window" : 0
    }
  ],
  "disk_util" : [
    {
      "name" : "nvme0n1",
      "read_ios" : 1622192,
      "write_ios" : 55,
      "read_merges" : 0,
      "write_merges" : 22,
      "read_ticks" : 468212,
      "write_ticks" : 80,
      "in_queue" : 468318,
      "util" : 99.723213
    }
  ]
}
