{
  "fio version" : "fio-3.28",
  "timestamp" : 1729475480,
  "timestamp_ms" : 1729475480204,
  "time" : "Sun Oct 20 21:51:20 2024",
  "jobs" : [
    {
      "jobname" : "data-access-size",
      "groupid" : 0,
      "error" : 0,
      "eta" : 0,
      "elapsed" : 31,
      "job options" : {
        "name" : "data-access-size",
        "rw" : "randread",
        "bs" : "512k",
        "iodepth" : "16",
        "size" : "2G",
        "numjobs" : "1",
        "runtime" : "30",
        "ioengine" : "libaio",
        "direct" : "1",
        "allow_mounted_write" : "1",
        "filename" : "/dev/nvme0n1p3"
      },
      "read" : {
        "io_bytes" : 106915430400,
        "io_kbytes" : 104409600,
        "bw_bytes" : 3563491330,
        "bw" : 3479972,
        "iops" : 6796.820318,
        "runtime" : 30003,
        "total_ios" : 203925,
        "short_ios" : 0,
        "drop_ios" : 0,
        "slat_ns" : {
          "min" : 10762,
          "max" : 103304,
          "mean" : 12610.461812,
          "stddev" : 2982.733144,
          "N" : 203925
        },
        "clat_ns" : {
          "min" : 785251,
          "max" : 5004090,
          "mean" : 2339655.923673,
          "stddev" : 87028.646495,
          "N" : 203925,
          "percentile" : {
            "1.000000" : 2146304,
            "5.000000" : 2211840,
            "10.000000" : 2244608,
            "20.000000" : 2277376,
            "30.000000" : 2310144,
            "40.000000" : 2310144,
            "50.000000" : 2342912,
            "60.000000" : 2342912,
            "70.000000" : 2375680,
            "80.000000" : 2408448,
            "90.000000" : 2441216,
            "95.000000" : 2473984,
            "99.000000" : 2539520,
            "99.500000" : 2572288,
            "99.900000" : 2670592,
            "99.950000" : 2736128,
            "99.990000" : 3784704
          }
        },
        "lat_ns" : {
          "min" : 878911,
          "max" : 5016220,
          "mean" : 2352340.232183,
          "stddev" : 86597.178503,
          "N" : 203925
        },
        "bw_min" : 3433472,
        "bw_max" : 3485696,
        "bw_agg" : 100.000000,
        "bw_mean" : 3481478.508475,
        "bw_dev" : 7200.926297,
        "bw_samples" : 59,
        "iops_min" : 6706,
        "iops_max" : 6808,
        "iops_mean" : 6799.762712,
        "iops_stddev" : 14.064309,
        "iops_samples" : 59
      },
      "write" : {
        "io_bytes" : 0,
        "io_kbytes" : 0,
        "bw_bytes" : 0,
        "bw" : 0,
        "iops" : 0.000000,
        "runtime" : 0,
        "total_ios" : 0,
        "short_ios" : 0,
        "drop_ios" : 0,
        "slat_ns" : {
          "min" : 0,
          "max" : 0,
          "mean" : 0.000000,
          "stddev" : 0.000000,
          "N" : 0
        },
        "clat_ns" : {
          "min" : 0,
          "max" : 0,
          "mean" : 0.000000,
          "stddev" : 0.000000,
          "N" : 0
        },
        "lat_ns" : {
          "min" : 0,
          "max" : 0,
          "mean" : 0.000000,
          "stddev" : 0.000000,
          "N" : 0
        },
        "bw_min" : 0,
        "bw_max" : 0,
        "bw_agg" : 0.000000,
        "bw_mean" : 0.000000,
        "bw_dev" : 0.000000,
        "bw_samples" : 0,
        "iops_min" : 0,
        "iops_max" : 0,
        "iops_mean" : 0.000000,
        "iops_stddev" : 0.000000,
        "iops_samples" : 0
      },
      "trim" : {
        "io_bytes" : 0,
        "io_kbytes" : 0,
        "bw_bytes" : 0,
        "bw" : 0,
        "iops" : 0.000000,
        "runtime" : 0,
        "total_ios" : 0,
        "short_ios" : 0,
        "drop_ios" : 0,
        "slat_ns" : {
          "min" : 0,
          "max" : 0,
          "mean" : 0.000000,
          "stddev" : 0.000000,
          "N" : 0
        },
        "clat_ns" : {
          "min" : 0,
          "max" : 0,
          "mean" : 0.000000,
          "stddev" : 0.000000,
          "N" : 0
        },
        "lat_ns" : {
          "min" : 0,
          "max" : 0,
          "mean" : 0.000000,
          "stddev" : 0.000000,
          "N" : 0
        },
        "bw_min" : 0,
        "bw_max" : 0,
        "bw_agg" : 0.000000,
        "bw_mean" : 0.000000,
        "bw_dev" : 0.000000,
        "bw_samples" : 0,
        "iops_min" : 0,
        "iops_max" : 0,
        "iops_mean" : 0.000000,
        "iops_stddev" : 0.000000,
        "iops_samples" : 0
      },
      "sync" : {
        "total_ios" : 0,
        "lat_ns" : {
          "min" : 0,
          "max" : 0,
          "mean" : 0.000000,
          "stddev" : 0.000000,
          "N" : 0
        }
      },
      "job_runtime" : 30002,
      "usr_cpu" : 1.659889,
      "sys_cpu" : 10.615959,
      "ctx" : 198687,
      "majf" : 0,
      "minf" : 2056,
      "iodepth_level" : {
        "1" : 0.100000,
        "2" : 0.100000,
        "4" : 0.100000,
        "8" : 0.100000,
        "16" : 99.992644,
        "32" : 0.000000,
        ">=64" : 0.000000
      },
      "iodepth_submit" : {
        "0" : 0.000000,
        "4" : 100.000000,
        "8" : 0.000000,
        "16" : 0.000000,
        "32" : 0.000000,
        "64" : 0.000000,
        ">=64" : 0.000000
      },
      "iodepth_complete" : {
        "0" : 0.000000,
        "4" : 99.999510,
        "8" : 0.000000,
        "16" : 0.100000,
        "32" : 0.000000,
        "64" : 0.000000,
        ">=64" : 0.000000
      },
      "latency_ns" : {
        "2" : 0.000000,
        "4" : 0.000000,
        "10" : 0.000000,
        "20" : 0.000000,
        "50" : 0.000000,
        "100" : 0.000000,
        "250" : 0.000000,
        "500" : 0.000000,
        "750" : 0.000000,
        "1000" : 0.000000
      },
      "latency_us" : {
        "2" : 0.000000,
        "4" : 0.000000,
        "10" : 0.000000,
        "20" : 0.000000,
        "50" : 0.000000,
        "100" : 0.000000,
        "250" : 0.000000,
        "500" : 0.000000,
        "750" : 0.000000,
        "1000" : 0.010000
      },
      "latency_ms" : {
        "2" : 0.030403,
        "4" : 99.956357,
        "10" : 0.010000,
        "20" : 0.000000,
        "50" : 0.000000,
        "100" : 0.000000,
        "250" : 0.000000,
        "500" : 0.000000,
        "750" : 0.000000,
        "1000" : 0.000000,
        "2000" : 0.000000,
        ">=2000" : 0.000000
      },
      "latency_depth" : 16,
      "latency_target" : 0,
      "latency_percentile" : 100.000000,
      "latency_window" : 0
    }
  ],
  "disk_util" : [
    {
      "name" : "nvme0n1",
      "read_ios" : 393736,
      "write_ios" : 15,
      "read_merges" : 0,
      "write_merges" : 6,
      "read_ticks" : 908426,
      "write_ticks" : 47,
      "in_queue" : 908484,
      "util" : 99.723213
    }
  ]
}
