{
  "fio version" : "fio-3.28",
  "timestamp" : 1729475601,
  "timestamp_ms" : 1729475601482,
  "time" : "Sun Oct 20 21:53:21 2024",
  "jobs" : [
    {
      "jobname" : "queue-depth",
      "groupid" : 0,
      "error" : 0,
      "eta" : 0,
      "elapsed" : 31,
      "job options" : {
        "name" : "queue-depth",
        "rw" : "randread",
        "bs" : "64k",
        "iodepth" : "1",
        "size" : "2G",
        "numjobs" : "1",
        "runtime" : "30",
        "ioengine" : "libaio",
        "direct" : "1",
        "allow_mounted_write" : "1",
        "filename" : "/dev/nvme0n1p3"
      },
      "read" : {
        "io_bytes" : 13843234816,
        "io_kbytes" : 13518784,
        "bw_bytes" : 461425779,
        "bw" : 450611,
        "iops" : 7040.798640,
        "runtime" : 30001,
        "total_ios" : 211231,
        "short_ios" : 0,
        "drop_ios" : 0,
        "slat_ns" : {
          "min" : 3028,
          "max" : 59946,
          "mean" : 3672.742396,
          "stddev" : 2817.437049,
          "N" : 211231
        },
        "clat_ns" : {
          "min" : 77900,
          "max" : 2898198,
          "mean" : 137239.236291,
          "stddev" : 31537.941082,
          "N" : 211231,
          "percentile" : {
            "1.000000" : 96768,
            "5.000000" : 98816,
            "10.000000" : 105984,
            "20.000000" : 110080,
            "30.000000" : 114176,
            "40.000000" : 136192,
            "50.000000" : 140288,
            "60.000000" : 142336,
            "70.000000" : 144384,
            "80.000000" : 166912,
            "90.000000" : 173056,
            "95.000000" : 175104,
            "99.000000" : 179200,
            "99.500000" : 222208,
            "99.900000" : 342016,
            "99.950000" : 477184,
            "99.990000" : 602112
          }
        },
        "lat_ns" : {
          "min" : 81291,
          "max" : 2901609,
          "mean" : 140978.101017,
          "stddev" : 32341.670367,
          "N" : 211231
        },
        "bw_min" : 406144,
        "bw_max" : 461184,
        "bw_agg" : 100.000000,
        "bw_mean" : 450850.711864,
        "bw_dev" : 12216.107635,
        "bw_samples" : 59,
        "iops_min" : 6346,
        "iops_max" : 7206,
        "iops_mean" : 7044.542373,
        "iops_stddev" : 190.876682,
        "iops_samples" : 59
      },
      "write" : {
        "io_bytes" : 0,
        "io_kbytes" : 0,
        "bw_bytes" : 0,
        "bw" : 0,
        "iops" : 0.000000,
        "runtime" : 0,
        "total_ios" : 0,
        "short_ios" : 0,
        "drop_ios" : 0,
        "slat_ns" : {
          "min" : 0,
          "max" : 0,
          "mean" : 0.000000,
          "stddev" : 0.000000,
          "N" : 0
        },
        "clat_ns" : {
          "min" : 0,
          "max" : 0,
          "mean" : 0.000000,
          "stddev" : 0.000000,
          "N" : 0
        },
        "lat_ns" : {
          "min" : 0,
          "max" : 0,
          "mean" : 0.000000,
          "stddev" : 0.000000,
          "N" : 0
        },
        "bw_min" : 0,
        "bw_max" : 0,
        "bw_agg" : 0.000000,
        "bw_mean" : 0.000000,
        "bw_dev" : 0.000000,
        "bw_samples" : 0,
        "iops_min" : 0,
        "iops_max" : 0,
        "iops_mean" : 0.000000,
        "iops_stddev" : 0.000000,
        "iops_samples" : 0
      },
      "trim" : {
        "io_bytes" : 0,
        "io_kbytes" : 0,
        "bw_bytes" : 0,
        "bw" : 0,
        "iops" : 0.000000,
        "runtime" : 0,
        "total_ios" : 0,
        "short_ios" : 0,
        "drop_ios" : 0,
        "slat_ns" : {
          "min" : 0,
          "max" : 0,
          "mean" : 0.000000,
          "stddev" : 0.000000,
          "N" : 0
        },
        "clat_ns" : {
          "min" : 0,
          "max" : 0,
          "mean" : 0.000000,
          "stddev" : 0.000000,
          "N" : 0
        },
        "lat_ns" : {
          "min" : 0,
          "max" : 0,
          "mean" : 0.000000,
          "stddev" : 0.000000,
          "N" : 0
        },
        "bw_min" : 0,
        "bw_max" : 0,
        "bw_agg" : 0.000000,
        "bw_mean" : 0.000000,
        "bw_dev" : 0.000000,
        "bw_samples" : 0,
        "iops_min" : 0,
        "iops_max" : 0,
        "iops_mean" : 0.000000,
        "iops_stddev" : 0.000000,
        "iops_samples" : 0
      },
      "sync" : {
        "total_ios" : 0,
        "lat_ns" : {
          "min" : 0,
          "max" : 0,
          "mean" : 0.000000,
          "stddev" : 0.000000,
          "N" : 0
        }
      },
      "job_runtime" : 30000,
      "usr_cpu" : 1.653333,
      "sys_cpu" : 3.946667,
      "ctx" : 211238,
      "majf" : 0,
      "minf" : 25,
      "iodepth_level" : {
        "1" : 100.000000,
        "2" : 0.000000,
        "4" : 0.000000,
        "8" : 0.000000,
        "16" : 0.000000,
        "32" : 0.000000,
        ">=64" : 0.000000
      },
      "iodepth_submit" : {
        "0" : 0.000000,
        "4" : 100.000000,
        "8" : 0.000000,
        "16" : 0.000000,
        "32" : 0.000000,
        "64" : 0.000000,
        ">=64" : 0.000000
      },
      "iodepth_complete" : {
        "0" : 0.000000,
        "4" : 100.000000,
        "8" : 0.000000,
        "16" : 0.000000,
        "32" : 0.000000,
        "64" : 0.000000,
        ">=64" : 0.000000
      },
      "latency_ns" : {
        "2" : 0.000000,
        "4" : 0.000000,
        "10" : 0.000000,
        "20" : 0.000000,
        "50" : 0.000000,
        "100" : 0.000000,
        "250" : 0.000000,
        "500" : 0.000000,
        "750" : 0.000000,
        "1000" : 0.000000
      },
      "latency_us" : {
        "2" : 0.000000,
        "4" : 0.000000,
        "10" : 0.000000,
        "20" : 0.000000,
        "50" : 0.000000,
        "100" : 6.833751,
        "250" : 92.790357,
        "500" : 0.331391,
        "750" : 0.039767,
        "1000" : 0.000000
      },
      "latency_ms" : {
        "2" : 0.010000,
        "4" : 0.010000,
        "10" : 0.000000,
        "20" : 0.000000,
        "50" : 0.000000,
        "100" : 0.000000,
        "250" : 0.000000,
        "500" : 0.000000,
        "750" : 0.000000,
        "1000" : 0.000000,
        "2000" : 0.000000,
        ">=2000" : 0.000000
      },
      "latency_depth" : 1,
      "latency_target" : 0,
      "latency_percentile" : 100.000000,
      "latency_window" : 0
    }
  ],
  "disk_util" : [
    {
      "name" : "nvme0n1",
      "read_ios" : 210514,
      "write_ios" : 34,
      "read_merges" : 0,
      "write_merges" : 23,
      "read_ticks" : 28749,
      "write_ticks" : 131,
      "in_queue" : 28902,
      "util" : 99.719888
    }
  ]
}
