{
  "fio version" : "fio-3.28",
  "timestamp" : 1729475662,
  "timestamp_ms" : 1729475662114,
  "time" : "Sun Oct 20 21:54:22 2024",
  "jobs" : [
    {
      "jobname" : "queue-depth",
      "groupid" : 0,
      "error" : 0,
      "eta" : 0,
      "elapsed" : 31,
      "job options" : {
        "name" : "queue-depth",
        "rw" : "randread",
        "bs" : "64k",
        "iodepth" : "64",
        "size" : "2G",
        "numjobs" : "1",
        "runtime" : "30",
        "ioengine" : "libaio",
        "direct" : "1",
        "allow_mounted_write" : "1",
        "filename" : "/dev/nvme0n1p3"
      },
      "read" : {
        "io_bytes" : 52445446144,
        "io_kbytes" : 51216256,
        "bw_bytes" : 1748006737,
        "bw" : 1707037,
        "iops" : 26672.466087,
        "runtime" : 30003,
        "total_ios" : 800254,
        "short_ios" : 0,
        "drop_ios" : 0,
        "slat_ns" : {
          "min" : 2489,
          "max" : 41037,
          "mean" : 3501.211011,
          "stddev" : 727.363445,
          "N" : 800254
        },
        "clat_ns" : {
          "min" : 761482,
          "max" : 5282400,
          "mean" : 2394128.129723,
          "stddev" : 129933.141938,
          "N" : 800254,
          "percentile" : {
            "1.000000" : 2146304,
            "5.000000" : 2211840,
            "10.000000" : 2244608,
            "20.000000" : 2310144,
            "30.000000" : 2342912,
            "40.000000" : 2342912,
            "50.000000" : 2375680,
            "60.000000" : 2408448,
            "70.000000" : 2441216,
            "80.000000" : 2473984,
            "90.000000" : 2539520,
            "95.000000" : 2605056,
            "99.000000" : 2736128,
            "99.500000" : 2768896,
            "99.900000" : 2965504,
            "99.950000" : 3358720,
            "99.990000" : 4947968
          }
        },
        "lat_ns" : {
          "min" : 775034,
          "max" : 5285955,
          "mean" : 2397687.098764,
          "stddev" : 129906.657627,
          "N" : 800254
        },
        "bw_min" : 1674240,
        "bw_max" : 1723264,
        "bw_agg" : 100.000000,
        "bw_mean" : 1707815.050847,
        "bw_dev" : 8455.094342,
        "bw_samples" : 59,
        "iops_min" : 26160,
        "iops_max" : 26926,
        "iops_mean" : 26684.610169,
        "iops_stddev" : 132.110849,
        "iops_samples" : 59
      },
      "write" : {
        "io_bytes" : 0,
        "io_kbytes" : 0,
        "bw_bytes" : 0,
        "bw" : 0,
        "iops" : 0.000000,
        "runtime" : 0,
        "total_ios" : 0,
        "short_ios" : 0,
        "drop_ios" : 0,
        "slat_ns" : {
          "min" : 0,
          "max" : 0,
          "mean" : 0.000000,
          "stddev" : 0.000000,
          "N" : 0
        },
        "clat_ns" : {
          "min" : 0,
          "max" : 0,
          "mean" : 0.000000,
          "stddev" : 0.000000,
          "N" : 0
        },
        "lat_ns" : {
          "min" : 0,
          "max" : 0,
          "mean" : 0.000000,
          "stddev" : 0.000000,
          "N" : 0
        },
        "bw_min" : 0,
        "bw_max" : 0,
        "bw_agg" : 0.000000,
        "bw_mean" : 0.000000,
        "bw_dev" : 0.000000,
        "bw_samples" : 0,
        "iops_min" : 0,
        "iops_max" : 0,
        "iops_mean" : 0.000000,
        "iops_stddev" : 0.000000,
        "iops_samples" : 0
      },
      "trim" : {
        "io_bytes" : 0,
        "io_kbytes" : 0,
        "bw_bytes" : 0,
        "bw" : 0,
        "iops" : 0.000000,
        "runtime" : 0,
        "total_ios" : 0,
        "short_ios" : 0,
        "drop_ios" : 0,
        "slat_ns" : {
          "min" : 0,
          "max" : 0,
          "mean" : 0.000000,
          "stddev" : 0.000000,
          "N" : 0
        },
        "clat_ns" : {
          "min" : 0,
          "max" : 0,
          "mean" : 0.000000,
          "stddev" : 0.000000,
          "N" : 0
        },
        "lat_ns" : {
          "min" : 0,
          "max" : 0,
          "mean" : 0.000000,
          "stddev" : 0.000000,
          "N" : 0
        },
        "bw_min" : 0,
        "bw_max" : 0,
        "bw_agg" : 0.000000,
        "bw_mean" : 0.000000,
        "bw_dev" : 0.000000,
        "bw_samples" : 0,
        "iops_min" : 0,
        "iops_max" : 0,
        "iops_mean" : 0.000000,
        "iops_stddev" : 0.000000,
        "iops_samples" : 0
      },
      "sync" : {
        "total_ios" : 0,
        "lat_ns" : {
          "min" : 0,
          "max" : 0,
          "mean" : 0.000000,
          "stddev" : 0.000000,
          "N" : 0
        }
      },
      "job_runtime" : 30002,
      "usr_cpu" : 5.252983,
      "sys_cpu" : 14.159056,
      "ctx" : 729406,
      "majf" : 0,
      "minf" : 1032,
      "iodepth_level" : {
        "1" : 0.100000,
        "2" : 0.100000,
        "4" : 0.100000,
        "8" : 0.100000,
        "16" : 0.100000,
        "32" : 0.100000,
        ">=64" : 99.992127
      },
      "iodepth_submit" : {
        "0" : 0.000000,
        "4" : 100.000000,
        "8" : 0.000000,
        "16" : 0.000000,
        "32" : 0.000000,
        "64" : 0.000000,
        ">=64" : 0.000000
      },
      "iodepth_complete" : {
        "0" : 0.000000,
        "4" : 99.999875,
        "8" : 0.000000,
        "16" : 0.000000,
        "32" : 0.000000,
        "64" : 0.100000,
        ">=64" : 0.000000
      },
      "latency_ns" : {
        "2" : 0.000000,
        "4" : 0.000000,
        "10" : 0.000000,
        "20" : 0.000000,
        "50" : 0.000000,
        "100" : 0.000000,
        "250" : 0.000000,
        "500" : 0.000000,
        "750" : 0.000000,
        "1000" : 0.000000
      },
      "latency_us" : {
        "2" : 0.000000,
        "4" : 0.000000,
        "10" : 0.000000,
        "20" : 0.000000,
        "50" : 0.000000,
        "100" : 0.000000,
        "250" : 0.000000,
        "500" : 0.000000,
        "750" : 0.000000,
        "1000" : 0.010000
      },
      "latency_ms" : {
        "2" : 0.130584,
        "4" : 99.823556,
        "10" : 0.042237,
        "20" : 0.000000,
        "50" : 0.000000,
        "100" : 0.000000,
        "250" : 0.000000,
        "500" : 0.000000,
        "750" : 0.000000,
        "1000" : 0.000000,
        "2000" : 0.000000,
        ">=2000" : 0.000000
      },
      "latency_depth" : 64,
      "latency_target" : 0,
      "latency_percentile" : 100.000000,
      "latency_window" : 0
    }
  ],
  "disk_util" : [
    {
      "name" : "nvme0n1",
      "read_ios" : 797489,
      "write_ios" : 48,
      "read_merges" : 0,
      "write_merges" : 33,
      "read_ticks" : 1908536,
      "write_ticks" : 213,
      "in_queue" : 1908778,
      "util" : 99.709874
    }
  ]
}
