{
  "fio version" : "fio-3.28",
  "timestamp" : 1729475631,
  "timestamp_ms" : 1729475631790,
  "time" : "Sun Oct 20 21:53:51 2024",
  "jobs" : [
    {
      "jobname" : "queue-depth",
      "groupid" : 0,
      "error" : 0,
      "eta" : 0,
      "elapsed" : 31,
      "job options" : {
        "name" : "queue-depth",
        "rw" : "randread",
        "bs" : "64k",
        "iodepth" : "16",
        "size" : "2G",
        "numjobs" : "1",
        "runtime" : "30",
        "ioengine" : "libaio",
        "direct" : "1",
        "allow_mounted_write" : "1",
        "filename" : "/dev/nvme0n1p3"
      },
      "read" : {
        "io_bytes" : 52456062976,
        "io_kbytes" : 51226624,
        "bw_bytes" : 1748477149,
        "bw" : 1707497,
        "iops" : 26679.644012,
        "runtime" : 30001,
        "total_ios" : 800416,
        "short_ios" : 0,
        "drop_ios" : 0,
        "slat_ns" : {
          "min" : 2413,
          "max" : 39433,
          "mean" : 3317.539010,
          "stddev" : 677.354946,
          "N" : 800416
        },
        "clat_ns" : {
          "min" : 80206,
          "max" : 3143736,
          "mean" : 595238.086580,
          "stddev" : 75019.362239,
          "N" : 800416,
          "percentile" : {
            "1.000000" : 460800,
            "5.000000" : 489472,
            "10.000000" : 509952,
            "20.000000" : 536576,
            "30.000000" : 552960,
            "40.000000" : 569344,
            "50.000000" : 585728,
            "60.000000" : 602112,
            "70.000000" : 626688,
            "80.000000" : 651264,
            "90.000000" : 692224,
            "95.000000" : 733184,
            "99.000000" : 806912,
            "99.500000" : 839680,
            "99.900000" : 921600,
            "99.950000" : 962560,
            "99.990000" : 1073152
          }
        },
        "lat_ns" : {
          "min" : 83074,
          "max" : 3147060,
          "mean" : 598627.114192,
          "stddev" : 74988.674956,
          "N" : 800416
        },
        "bw_min" : 1667840,
        "bw_max" : 1726080,
        "bw_agg" : 100.000000,
        "bw_mean" : 1708305.355932,
        "bw_dev" : 7751.372545,
        "bw_samples" : 59,
        "iops_min" : 26060,
        "iops_max" : 26970,
        "iops_mean" : 26692.271186,
        "iops_stddev" : 121.115196,
        "iops_samples" : 59
      },
      "write" : {
        "io_bytes" : 0,
        "io_kbytes" : 0,
        "bw_bytes" : 0,
        "bw" : 0,
        "iops" : 0.000000,
        "runtime" : 0,
        "total_ios" : 0,
        "short_ios" : 0,
        "drop_ios" : 0,
        "slat_ns" : {
          "min" : 0,
          "max" : 0,
          "mean" : 0.000000,
          "stddev" : 0.000000,
          "N" : 0
        },
        "clat_ns" : {
          "min" : 0,
          "max" : 0,
          "mean" : 0.000000,
          "stddev" : 0.000000,
          "N" : 0
        },
        "lat_ns" : {
          "min" : 0,
          "max" : 0,
          "mean" : 0.000000,
          "stddev" : 0.000000,
          "N" : 0
        },
        "bw_min" : 0,
        "bw_max" : 0,
        "bw_agg" : 0.000000,
        "bw_mean" : 0.000000,
        "bw_dev" : 0.000000,
        "bw_samples" : 0,
        "iops_min" : 0,
        "iops_max" : 0,
        "iops_mean" : 0.000000,
        "iops_stddev" : 0.000000,
        "iops_samples" : 0
      },
      "trim" : {
        "io_bytes" : 0,
        "io_kbytes" : 0,
        "bw_bytes" : 0,
        "bw" : 0,
        "iops" : 0.000000,
        "runtime" : 0,
        "total_ios" : 0,
        "short_ios" : 0,
        "drop_ios" : 0,
        "slat_ns" : {
          "min" : 0,
          "max" : 0,
          "mean" : 0.000000,
          "stddev" : 0.000000,
          "N" : 0
        },
        "clat_ns" : {
          "min" : 0,
          "max" : 0,
          "mean" : 0.000000,
          "stddev" : 0.000000,
          "N" : 0
        },
        "lat_ns" : {
          "min" : 0,
          "max" : 0,
          "mean" : 0.000000,
          "stddev" : 0.000000,
          "N" : 0
        },
        "bw_min" : 0,
        "bw_max" : 0,
        "bw_agg" : 0.000000,
        "bw_mean" : 0.000000,
        "bw_dev" : 0.000000,
        "bw_samples" : 0,
        "iops_min" : 0,
        "iops_max" : 0,
        "iops_mean" : 0.000000,
        "iops_stddev" : 0.000000,
        "iops_samples" : 0
      },
      "sync" : {
        "total_ios" : 0,
        "lat_ns" : {
          "min" : 0,
          "max" : 0,
          "mean" : 0.000000,
          "stddev" : 0.000000,
          "N" : 0
        }
      },
      "job_runtime" : 30000,
      "usr_cpu" : 4.920000,
      "sys_cpu" : 13.453333,
      "ctx" : 734003,
      "majf" : 0,
      "minf" : 266,
      "iodepth_level" : {
        "1" : 0.100000,
        "2" : 0.100000,
        "4" : 0.100000,
        "8" : 0.100000,
        "16" : 99.998126,
        "32" : 0.000000,
        ">=64" : 0.000000
      },
      "iodepth_submit" : {
        "0" : 0.000000,
        "4" : 100.000000,
        "8" : 0.000000,
        "16" : 0.000000,
        "32" : 0.000000,
        "64" : 0.000000,
        ">=64" : 0.000000
      },
      "iodepth_complete" : {
        "0" : 0.000000,
        "4" : 99.999875,
        "8" : 0.000000,
        "16" : 0.100000,
        "32" : 0.000000,
        "64" : 0.000000,
        ">=64" : 0.000000
      },
      "latency_ns" : {
        "2" : 0.000000,
        "4" : 0.000000,
        "10" : 0.000000,
        "20" : 0.000000,
        "50" : 0.000000,
        "100" : 0.000000,
        "250" : 0.000000,
        "500" : 0.000000,
        "750" : 0.000000,
        "1000" : 0.000000
      },
      "latency_us" : {
        "2" : 0.000000,
        "4" : 0.000000,
        "10" : 0.000000,
        "20" : 0.000000,
        "50" : 0.000000,
        "100" : 0.010000,
        "250" : 0.010000,
        "500" : 7.166024,
        "750" : 89.431995,
        "1000" : 3.372246
      },
      "latency_ms" : {
        "2" : 0.026736,
        "4" : 0.010000,
        "10" : 0.000000,
        "20" : 0.000000,
        "50" : 0.000000,
        "100" : 0.000000,
        "250" : 0.000000,
        "500" : 0.000000,
        "750" : 0.000000,
        "1000" : 0.000000,
        "2000" : 0.000000,
        ">=2000" : 0.000000
      },
      "latency_depth" : 16,
      "latency_target" : 0,
      "latency_percentile" : 100.000000,
      "latency_window" : 0
    }
  ],
  "disk_util" : [
    {
      "name" : "nvme0n1",
      "read_ios" : 797716,
      "write_ios" : 25,
      "read_merges" : 0,
      "write_merges" : 3,
      "read_ticks" : 474248,
      "write_ticks" : 134,
      "in_queue" : 474388,
      "util" : 99.723213
    }
  ]
}
