{
  "fio version" : "fio-3.28",
  "timestamp" : 1729475540,
  "timestamp_ms" : 1729475540841,
  "time" : "Sun Oct 20 21:52:20 2024",
  "jobs" : [
    {
      "jobname" : "rw-ratio",
      "groupid" : 0,
      "error" : 0,
      "eta" : 0,
      "elapsed" : 31,
      "job options" : {
        "name" : "rw-ratio",
        "rw" : "randwrite",
        "bs" : "64k",
        "iodepth" : "16",
        "size" : "2G",
        "numjobs" : "1",
        "runtime" : "30",
        "ioengine" : "libaio",
        "direct" : "1",
        "allow_mounted_write" : "1",
        "filename" : "/dev/nvme0n1p3"
      },
      "read" : {
        "io_bytes" : 0,
        "io_kbytes" : 0,
        "bw_bytes" : 0,
        "bw" : 0,
        "iops" : 0.000000,
        "runtime" : 0,
        "total_ios" : 0,
        "short_ios" : 0,
        "drop_ios" : 0,
        "slat_ns" : {
          "min" : 0,
          "max" : 0,
          "mean" : 0.000000,
          "stddev" : 0.000000,
          "N" : 0
        },
        "clat_ns" : {
          "min" : 0,
          "max" : 0,
          "mean" : 0.000000,
          "stddev" : 0.000000,
          "N" : 0
        },
        "lat_ns" : {
          "min" : 0,
          "max" : 0,
          "mean" : 0.000000,
          "stddev" : 0.000000,
          "N" : 0
        },
        "bw_min" : 0,
        "bw_max" : 0,
        "bw_agg" : 0.000000,
        "bw_mean" : 0.000000,
        "bw_dev" : 0.000000,
        "bw_samples" : 0,
        "iops_min" : 0,
        "iops_max" : 0,
        "iops_mean" : 0.000000,
        "iops_stddev" : 0.000000,
        "iops_samples" : 0
      },
      "write" : {
        "io_bytes" : 25442385920,
        "io_kbytes" : 24846080,
        "bw_bytes" : 848051262,
        "bw" : 828175,
        "iops" : 12940.235325,
        "runtime" : 30001,
        "total_ios" : 388220,
        "short_ios" : 0,
        "drop_ios" : 0,
        "slat_ns" : {
          "min" : 2764,
          "max" : 2945999,
          "mean" : 8984.868554,
          "stddev" : 26063.968344,
          "N" : 388220
        },
        "clat_ns" : {
          "min" : 67702,
          "max" : 27335601,
          "mean" : 1225720.034398,
          "stddev" : 526540.444981,
          "N" : 388220,
          "percentile" : {
            "1.000000" : 346112,
            "5.000000" : 618496,
            "10.000000" : 749568,
            "20.000000" : 905216,
            "30.000000" : 1019904,
            "40.000000" : 1105920,
            "50.000000" : 1187840,
            "60.000000" : 1269760,
            "70.000000" : 1351680,
            "80.000000" : 1449984,
            "90.000000" : 1679360,
            "95.000000" : 1974272,
            "99.000000" : 2834432,
            "99.500000" : 3162112,
            "99.900000" : 4489216,
            "99.950000" : 5603328,
            "99.990000" : 20578304
          }
        },
        "lat_ns" : {
          "min" : 72815,
          "max" : 27340088,
          "mean" : 1234834.886356,
          "stddev" : 524991.952806,
          "N" : 388220
        },
        "bw_min" : 613120,
        "bw_max" : 934656,
        "bw_agg" : 99.919213,
        "bw_mean" : 827506.983051,
        "bw_dev" : 118497.918745,
        "bw_samples" : 59,
        "iops_min" : 9580,
        "iops_max" : 14604,
        "iops_mean" : 12929.830508,
        "iops_stddev" : 1851.557044,
        "iops_samples" : 59
      },
      "trim" : {
        "io_bytes" : 0,
        "io_kbytes" : 0,
        "bw_bytes" : 0,
        "bw" : 0,
        "iops" : 0.000000,
        "runtime" : 0,
        "total_ios" : 0,
        "short_ios" : 0,
        "drop_ios" : 0,
        "slat_ns" : {
          "min" : 0,
          "max" : 0,
          "mean" : 0.000000,
          "stddev" : 0.000000,
          "N" : 0
        },
        "clat_ns" : {
          "min" : 0,
          "max" : 0,
          "mean" : 0.000000,
          "stddev" : 0.000000,
          "N" : 0
        },
        "lat_ns" : {
          "min" : 0,
          "max" : 0,
          "mean" : 0.000000,
          "stddev" : 0.000000,
          "N" : 0
        },
        "bw_min" : 0,
        "bw_max" : 0,
        "bw_agg" : 0.000000,
        "bw_mean" : 0.000000,
        "bw_dev" : 0.000000,
        "bw_samples" : 0,
        "iops_min" : 0,
        "iops_max" : 0,
        "iops_mean" : 0.000000,
        "iops_stddev" : 0.000000,
        "iops_samples" : 0
      },
      "sync" : {
        "total_ios" : 0,
        "lat_ns" : {
          "min" : 0,
          "max" : 0,
          "mean" : 0.000000,
          "stddev" : 0.000000,
          "N" : 0
        }
      },
      "job_runtime" : 30000,
      "usr_cpu" : 7.710000,
      "sys_cpu" : 10.946667,
      "ctx" : 308234,
      "majf" : 0,
      "minf" : 11,
      "iodepth_level" : {
        "1" : 0.100000,
        "2" : 0.100000,
        "4" : 0.100000,
        "8" : 0.100000,
        "16" : 99.996136,
        "32" : 0.000000,
        ">=64" : 0.000000
      },
      "iodepth_submit" : {
        "0" : 0.000000,
        "4" : 100.000000,
        "8" : 0.000000,
        "16" : 0.000000,
        "32" : 0.000000,
        "64" : 0.000000,
        ">=64" : 0.000000
      },
      "iodepth_complete" : {
        "0" : 0.000000,
        "4" : 99.999742,
        "8" : 0.000000,
        "16" : 0.100000,
        "32" : 0.000000,
        "64" : 0.000000,
        ">=64" : 0.000000
      },
      "latency_ns" : {
        "2" : 0.000000,
        "4" : 0.000000,
        "10" : 0.000000,
        "20" : 0.000000,
        "50" : 0.000000,
        "100" : 0.000000,
        "250" : 0.000000,
        "500" : 0.000000,
        "750" : 0.000000,
        "1000" : 0.000000
      },
      "latency_us" : {
        "2" : 0.000000,
        "4" : 0.000000,
        "10" : 0.000000,
        "20" : 0.000000,
        "50" : 0.000000,
        "100" : 0.098655,
        "250" : 0.092989,
        "500" : 2.206223,
        "750" : 7.647983,
        "1000" : 18.166246
      },
      "latency_ms" : {
        "2" : 67.091082,
        "4" : 4.555664,
        "10" : 0.116944,
        "20" : 0.012622,
        "50" : 0.011591,
        "100" : 0.000000,
        "250" : 0.000000,
        "500" : 0.000000,
        "750" : 0.000000,
        "1000" : 0.000000,
        "2000" : 0.000000,
        ">=2000" : 0.000000
      },
      "latency_depth" : 16,
      "latency_target" : 0,
      "latency_percentile" : 100.000000,
      "latency_window" : 0
    }
  ],
  "disk_util" : [
    {
      "name" : "nvme0n1",
      "read_ios" : 26,
      "write_ios" : 386725,
      "read_merges" : 0,
      "write_merges" : 2063,
      "read_ticks" : 2,
      "write_ticks" : 468641,
      "in_queue" : 468717,
      "util" : 99.779868
    }
  ]
}
