{
  "fio version" : "fio-3.28",
  "timestamp" : 1729475571,
  "timestamp_ms" : 1729475571174,
  "time" : "Sun Oct 20 21:52:51 2024",
  "jobs" : [
    {
      "jobname" : "rw-ratio",
      "groupid" : 0,
      "error" : 0,
      "eta" : 0,
      "elapsed" : 31,
      "job options" : {
        "name" : "rw-ratio",
        "rw" : "rw",
        "bs" : "64k",
        "iodepth" : "16",
        "size" : "2G",
        "numjobs" : "1",
        "runtime" : "30",
        "ioengine" : "libaio",
        "direct" : "1",
        "allow_mounted_write" : "1",
        "filename" : "/dev/nvme0n1p3"
      },
      "read" : {
        "io_bytes" : 17314480128,
        "io_kbytes" : 16908672,
        "bw_bytes" : 577072394,
        "bw" : 563547,
        "iops" : 8805.425943,
        "runtime" : 30004,
        "total_ios" : 264198,
        "short_ios" : 0,
        "drop_ios" : 0,
        "slat_ns" : {
          "min" : 2410,
          "max" : 120565,
          "mean" : 6023.884488,
          "stddev" : 6170.572574,
          "N" : 264198
        },
        "clat_ns" : {
          "min" : 27112,
          "max" : 19313268,
          "mean" : 1654531.510371,
          "stddev" : 1063628.672914,
          "N" : 264198,
          "percentile" : {
            "1.000000" : 132096,
            "5.000000" : 226304,
            "10.000000" : 325632,
            "20.000000" : 585728,
            "30.000000" : 888832,
            "40.000000" : 1384448,
            "50.000000" : 1777664,
            "60.000000" : 1974272,
            "70.000000" : 2146304,
            "80.000000" : 2375680,
            "90.000000" : 2801664,
            "95.000000" : 3457024,
            "99.000000" : 4423680,
            "99.500000" : 5406720,
            "99.900000" : 7700480,
            "99.950000" : 9633792,
            "99.990000" : 16056320
          }
        },
        "lat_ns" : {
          "min" : 30427,
          "max" : 19316681,
          "mean" : 1660685.580742,
          "stddev" : 1063335.866317,
          "N" : 264198
        },
        "bw_min" : 486272,
        "bw_max" : 704000,
        "bw_agg" : 100.000000,
        "bw_mean" : 563655.593220,
        "bw_dev" : 42211.001264,
        "bw_samples" : 59,
        "iops_min" : 7598,
        "iops_max" : 11000,
        "iops_mean" : 8807.118644,
        "iops_stddev" : 659.546895,
        "iops_samples" : 59
      },
      "write" : {
        "io_bytes" : 17338400768,
        "io_kbytes" : 16932032,
        "bw_bytes" : 577869642,
        "bw" : 564325,
        "iops" : 8817.590988,
        "runtime" : 30004,
        "total_ios" : 264563,
        "short_ios" : 0,
        "drop_ios" : 0,
        "slat_ns" : {
          "min" : 2778,
          "max" : 1905386,
          "mean" : 7933.178502,
          "stddev" : 9535.560161,
          "N" : 264563
        },
        "clat_ns" : {
          "min" : 836,
          "max" : 8483471,
          "mean" : 145567.873660,
          "stddev" : 202122.617759,
          "N" : 264563,
          "percentile" : {
            "1.000000" : 28800,
            "5.000000" : 29312,
            "10.000000" : 30592,
            "20.000000" : 39168,
            "30.000000" : 49408,
            "40.000000" : 65280,
            "50.000000" : 87552,
            "60.000000" : 118272,
            "70.000000" : 156672,
            "80.000000" : 205824,
            "90.000000" : 268288,
            "95.000000" : 395264,
            "99.000000" : 1073152,
            "99.500000" : 1335296,
            "99.900000" : 1990656,
            "99.950000" : 2277376,
            "99.990000" : 4751360
          }
        },
        "lat_ns" : {
          "min" : 31359,
          "max" : 8501693,
          "mean" : 153642.671965,
          "stddev" : 202364.286634,
          "N" : 264563
        },
        "bw_min" : 488832,
        "bw_max" : 701184,
        "bw_agg" : 100.000000,
        "bw_mean" : 564503.864407,
        "bw_dev" : 43043.469607,
        "bw_samples" : 59,
        "iops_min" : 7638,
        "iops_max" : 10956,
        "iops_mean" : 8820.372881,
        "iops_stddev" : 672.502119,
        "iops_samples" : 59
      },
      "trim" : {
        "io_bytes" : 0,
        "io_kbytes" : 0,
        "bw_bytes" : 0,
        "bw" : 0,
        "iops" : 0.000000,
        "runtime" : 0,
        "total_ios" : 0,
        "short_ios" : 0,
        "drop_ios" : 0,
        "slat_ns" : {
          "min" : 0,
          "max" : 0,
          "mean" : 0.000000,
          "stddev" : 0.000000,
          "N" : 0
        },
        "clat_ns" : {
          "min" : 0,
          "max" : 0,
          "mean" : 0.000000,
          "stddev" : 0.000000,
          "N" : 0
        },
        "lat_ns" : {
          "min" : 0,
          "max" : 0,
          "mean" : 0.000000,
          "stddev" : 0.000000,
          "N" : 0
        },
        "bw_min" : 0,
        "bw_max" : 0,
        "bw_agg" : 0.000000,
        "bw_mean" : 0.000000,
        "bw_dev" : 0.000000,
        "bw_samples" : 0,
        "iops_min" : 0,
        "iops_max" : 0,
        "iops_mean" : 0.000000,
        "iops_stddev" : 0.000000,
        "iops_samples" : 0
      },
      "sync" : {
        "total_ios" : 0,
        "lat_ns" : {
          "min" : 0,
          "max" : 0,
          "mean" : 0.000000,
          "stddev" : 0.000000,
          "N" : 0
        }
      },
      "job_runtime" : 30003,
      "usr_cpu" : 6.526014,
      "sys_cpu" : 13.548645,
      "ctx" : 327189,
      "majf" : 0,
      "minf" : 20,
      "iodepth_level" : {
        "1" : 0.100000,
        "2" : 0.100000,
        "4" : 0.100000,
        "8" : 0.100000,
        "16" : 99.997163,
        "32" : 0.000000,
        ">=64" : 0.000000
      },
      "iodepth_submit" : {
        "0" : 0.000000,
        "4" : 100.000000,
        "8" : 0.000000,
        "16" : 0.000000,
        "32" : 0.000000,
        "64" : 0.000000,
        ">=64" : 0.000000
      },
      "iodepth_complete" : {
        "0" : 0.000000,
        "4" : 99.999811,
        "8" : 0.000000,
        "16" : 0.100000,
        "32" : 0.000000,
        "64" : 0.000000,
        ">=64" : 0.000000
      },
      "latency_ns" : {
        "2" : 0.000000,
        "4" : 0.000000,
        "10" : 0.000000,
        "20" : 0.000000,
        "50" : 0.000000,
        "100" : 0.000000,
        "250" : 0.000000,
        "500" : 0.000000,
        "750" : 0.000000,
        "1000" : 0.010000
      },
      "latency_us" : {
        "2" : 0.010000,
        "4" : 0.000000,
        "10" : 0.010000,
        "20" : 0.010000,
        "50" : 15.220109,
        "100" : 12.086368,
        "250" : 19.260687,
        "500" : 10.088490,
        "750" : 5.136536,
        "1000" : 4.154996
      },
      "latency_ms" : {
        "2" : 14.713264,
        "4" : 18.357632,
        "10" : 0.953739,
        "20" : 0.023451,
        "50" : 0.000000,
        "100" : 0.000000,
        "250" : 0.000000,
        "500" : 0.000000,
        "750" : 0.000000,
        "1000" : 0.000000,
        "2000" : 0.000000,
        ">=2000" : 0.000000
      },
      "latency_depth" : 16,
      "latency_target" : 0,
      "latency_percentile" : 100.000000,
      "latency_window" : 0
    }
  ],
  "disk_util" : [
    {
      "name" : "nvme0n1",
      "read_ios" : 263241,
      "write_ios" : 263731,
      "read_merges" : 0,
      "write_merges" : 1552,
      "read_ticks" : 428621,
      "write_ticks" : 34337,
      "in_queue" : 462999,
      "util" : 99.813209
    }
  ]
}
