{
  "fio version" : "fio-3.28",
  "timestamp" : 1729475510,
  "timestamp_ms" : 1729475510506,
  "time" : "Sun Oct 20 21:51:50 2024",
  "jobs" : [
    {
      "jobname" : "rw-ratio",
      "groupid" : 0,
      "error" : 0,
      "eta" : 0,
      "elapsed" : 31,
      "job options" : {
        "name" : "rw-ratio",
        "rw" : "read",
        "bs" : "64k",
        "iodepth" : "16",
        "size" : "2G",
        "numjobs" : "1",
        "runtime" : "30",
        "ioengine" : "libaio",
        "direct" : "1",
        "allow_mounted_write" : "1",
        "filename" : "/dev/nvme0n1p3"
      },
      "read" : {
        "io_bytes" : 99993452544,
        "io_kbytes" : 97649856,
        "bw_bytes" : 3333003984,
        "bw" : 3254886,
        "iops" : 50857.604747,
        "runtime" : 30001,
        "total_ios" : 1525779,
        "short_ios" : 0,
        "drop_ios" : 0,
        "slat_ns" : {
          "min" : 2380,
          "max" : 278722,
          "mean" : 3328.487009,
          "stddev" : 935.748673,
          "N" : 1525779
        },
        "clat_ns" : {
          "min" : 50366,
          "max" : 4223694,
          "mean" : 310455.222527,
          "stddev" : 91591.643588,
          "N" : 1525779,
          "percentile" : {
            "1.000000" : 189440,
            "5.000000" : 209920,
            "10.000000" : 222208,
            "20.000000" : 236544,
            "30.000000" : 248832,
            "40.000000" : 264192,
            "50.000000" : 292864,
            "60.000000" : 321536,
            "70.000000" : 346112,
            "80.000000" : 374784,
            "90.000000" : 423936,
            "95.000000" : 473088,
            "99.000000" : 585728,
            "99.500000" : 634880,
            "99.900000" : 782336,
            "99.950000" : 847872,
            "99.990000" : 2179072
          }
        },
        "lat_ns" : {
          "min" : 53136,
          "max" : 4226426,
          "mean" : 313847.807191,
          "stddev" : 91533.565054,
          "N" : 1525779
        },
        "bw_min" : 3012864,
        "bw_max" : 3293568,
        "bw_agg" : 100.000000,
        "bw_mean" : 3256444.118644,
        "bw_dev" : 37298.354421,
        "bw_samples" : 59,
        "iops_min" : 47076,
        "iops_max" : 51462,
        "iops_mean" : 50881.932203,
        "iops_stddev" : 582.800488,
        "iops_samples" : 59
      },
      "write" : {
        "io_bytes" : 0,
        "io_kbytes" : 0,
        "bw_bytes" : 0,
        "bw" : 0,
        "iops" : 0.000000,
        "runtime" : 0,
        "total_ios" : 0,
        "short_ios" : 0,
        "drop_ios" : 0,
        "slat_ns" : {
          "min" : 0,
          "max" : 0,
          "mean" : 0.000000,
          "stddev" : 0.000000,
          "N" : 0
        },
        "clat_ns" : {
          "min" : 0,
          "max" : 0,
          "mean" : 0.000000,
          "stddev" : 0.000000,
          "N" : 0
        },
        "lat_ns" : {
          "min" : 0,
          "max" : 0,
          "mean" : 0.000000,
          "stddev" : 0.000000,
          "N" : 0
        },
        "bw_min" : 0,
        "bw_max" : 0,
        "bw_agg" : 0.000000,
        "bw_mean" : 0.000000,
        "bw_dev" : 0.000000,
        "bw_samples" : 0,
        "iops_min" : 0,
        "iops_max" : 0,
        "iops_mean" : 0.000000,
        "iops_stddev" : 0.000000,
        "iops_samples" : 0
      },
      "trim" : {
        "io_bytes" : 0,
        "io_kbytes" : 0,
        "bw_bytes" : 0,
        "bw" : 0,
        "iops" : 0.000000,
        "runtime" : 0,
        "total_ios" : 0,
        "short_ios" : 0,
        "drop_ios" : 0,
        "slat_ns" : {
          "min" : 0,
          "max" : 0,
          "mean" : 0.000000,
          "stddev" : 0.000000,
          "N" : 0
        },
        "clat_ns" : {
          "min" : 0,
          "max" : 0,
          "mean" : 0.000000,
          "stddev" : 0.000000,
          "N" : 0
        },
        "lat_ns" : {
          "min" : 0,
          "max" : 0,
          "mean" : 0.000000,
          "stddev" : 0.000000,
          "N" : 0
        },
        "bw_min" : 0,
        "bw_max" : 0,
        "bw_agg" : 0.000000,
        "bw_mean" : 0.000000,
        "bw_dev" : 0.000000,
        "bw_samples" : 0,
        "iops_min" : 0,
        "iops_max" : 0,
        "iops_mean" : 0.000000,
        "iops_stddev" : 0.000000,
        "iops_samples" : 0
      },
      "sync" : {
        "total_ios" : 0,
        "lat_ns" : {
          "min" : 0,
          "max" : 0,
          "mean" : 0.000000,
          "stddev" : 0.000000,
          "N" : 0
        }
      },
      "job_runtime" : 30000,
      "usr_cpu" : 7.610000,
      "sys_cpu" : 25.083333,
      "ctx" : 1137582,
      "majf" : 0,
      "minf" : 266,
      "iodepth_level" : {
        "1" : 0.100000,
        "2" : 0.100000,
        "4" : 0.100000,
        "8" : 0.100000,
        "16" : 99.999017,
        "32" : 0.000000,
        ">=64" : 0.000000
      },
      "iodepth_submit" : {
        "0" : 0.000000,
        "4" : 100.000000,
        "8" : 0.000000,
        "16" : 0.000000,
        "32" : 0.000000,
        "64" : 0.000000,
        ">=64" : 0.000000
      },
      "iodepth_complete" : {
        "0" : 0.000000,
        "4" : 99.999934,
        "8" : 0.000000,
        "16" : 0.100000,
        "32" : 0.000000,
        "64" : 0.000000,
        ">=64" : 0.000000
      },
      "latency_ns" : {
        "2" : 0.000000,
        "4" : 0.000000,
        "10" : 0.000000,
        "20" : 0.000000,
        "50" : 0.000000,
        "100" : 0.000000,
        "250" : 0.000000,
        "500" : 0.000000,
        "750" : 0.000000,
        "1000" : 0.000000
      },
      "latency_us" : {
        "2" : 0.000000,
        "4" : 0.000000,
        "10" : 0.000000,
        "20" : 0.000000,
        "50" : 0.000000,
        "100" : 0.010000,
        "250" : 30.361016,
        "500" : 66.285288,
        "750" : 3.218487,
        "1000" : 0.112860
      },
      "latency_ms" : {
        "2" : 0.010000,
        "4" : 0.011076,
        "10" : 0.010000,
        "20" : 0.000000,
        "50" : 0.000000,
        "100" : 0.000000,
        "250" : 0.000000,
        "500" : 0.000000,
        "750" : 0.000000,
        "1000" : 0.000000,
        "2000" : 0.000000,
        ">=2000" : 0.000000
      },
      "latency_depth" : 16,
      "latency_target" : 0,
      "latency_percentile" : 100.000000,
      "latency_window" : 0
    }
  ],
  "disk_util" : [
    {
      "name" : "nvme0n1",
      "read_ios" : 1520805,
      "write_ios" : 42,
      "read_merges" : 0,
      "write_merges" : 71,
      "read_ticks" : 469705,
      "write_ticks" : 115,
      "in_queue" : 469856,
      "util" : 99.723213
    }
  ]
}
